epoch,train_loss,val_loss,val_acc
1,0.69096903015027,0.6795644624191418,0.6637168141592921
2,0.680573028273287,0.6690761457409775,0.6548672566371682
3,0.6709609986406512,0.6580488383769989,0.6548672566371682
4,0.6582281002692417,0.6491974681092981,0.6637168141592921
5,0.6619959655588707,0.6478007169146287,0.6548672566371682
6,0.6426269061270014,0.636048416296641,0.672566371681416
